<application>
  <component name="SonarLintGlobalSettings">
    <option name="rulesByKey">
      <map>
        <entry key="java:S1135">
          <value>
            <Rule active="false" key="java:S1135" />
          </value>
        </entry>
        <entry key="java:S2189">
          <value>
            <Rule active="false" key="java:S2189" />
          </value>
        </entry>
      </map>
    </option>
    <option name="secretsNeverBeenAnalysed" value="false" />
    <rules>
      <Rule active="false" key="java:S1135" />
      <Rule active="false" key="java:S2189" />
    </rules>
  </component>
</application>