<keymap version="1" name="macOS copy" parent="Mac OS X 10.5+">
  <action id="ActivateTODOToolWindow">
    <keyboard-shortcut first-keystroke="meta back_slash" />
  </action>
  <action id="Annotate">
    <keyboard-shortcut first-keystroke="alt i" />
    <keyboard-shortcut first-keystroke="meta alt i" />
  </action>
  <action id="Scala.ShowImplicits">
    <keyboard-shortcut first-keystroke="shift ctrl alt equals" />
    <keyboard-shortcut first-keystroke="shift ctrl alt add" />
  </action>
</keymap>